accuracy,f1
0.8069599474720945,0.7636655948553055
